"baseMean"	"log2FoldChange"	"lfcSE"	"padj"	"gene"	"genomic.sequence"
55.3579602502248	8.62107357231864	2.62255287460312	0.0151577663274079	"OTAU000477"	NA
538.693051280915	-8.05116035803636	0.728969737784848	8.76984800136272e-25	"OTAU003371"	NA
119.552901387461	7.94422084046596	1.64023236699759	7.03603941362775e-05	"OTAU012035"	NA
31.3985896108117	7.80414705596487	2.72564042986346	0.0427205400047944	"OTAU012036"	NA
79.8198836747833	6.47737162490878	0.856653188886435	2.05009620571031e-11	"OTAU015750"	NA
7.73329590868526	6.26824844979737	2.18281289095414	0.0419032087887418	"OTAU014526"	NA
